Cleanser,Toner,Emulsion,Moisturizer,Essence,Serum,Ampoule,Eye Cream,Sunscreen
Cosrx Calming Cleanser,Cosrx Calming Liquid,Innisfree Green Tea Balancing Emulsion,Aromatica Aloe Vera Gel,Cosrx Advanced Snail 92 Mucin Power Essence,Cosrx Clearing Serum,Cosrx Centella Blemish Ampoule,Benton Fermentation Eye Cream,2PM Sun Block SPF 50+
Heimish All Clean Balm,Benton Cacao Moist and Mild Toner,Benton Snail Bee High Content Emulsion,Cosrx Advanced Snail 92 All In One Cream,Olivarrier Dual Moist Hyaluron Essence,Benton Cacao Moist and Mild Serum,By Ecom Pure Calming Ampoule,Nacific Fresh Herb Origin Eye Cream,Huxley Sun Cream SPF 50+
Heimish All Clean Green Foam,Olivarrier Dual Moist Toner,Olivarrier Dual Moist Lotion,Cosrx Aloe Vera Oil-Free Moisture Cream,Benton Snail Bee High Content Essence,9Wishes Oxygen Serum,Pyunkang Yul Moisture Ampoule,Innisfree Jeju Orchid Eye Cream,Missha Mild Sun SPF 30
Innisfree Apple Seed Deep Cleansing Foam,Huxley Toner,Cosrx Natural BHA Skin Returning Emulsion,Benton Cacao Moist and Mild Cream,Innisfree Green Tea Seed Essence,9Wishes Calm Serum,Mizon Snail Repair Intensive Ampoule,,Innisfree Intensive Long-Lasting Sunscreen SPF 50+
Huxley Cleansing Gel,Innisfree Green Tea Balancing Toner,Innisfree Jeju Orchid Emulsion,Dr. Jart Cicapair Cream,Benton Fermentation Essence,9Wishes Hydra Skin Serum,,,
Huxley Cleansing Oil,Benton Snail Bee High Content Toner,,Olivarrier Emollient Extra Comfort Cream,Innisfree Jeju Orchid Enriched Essence,Nacific Fresh Herb Origin Serum,,,
Son & Park Beauty Water,Cosrx One-Step Green Hero Calming Pad,,Cosrx Oil-Free Ultra Moisturizing Lotion,,Helloskin All Day Vitamin Brightening Serum,,,
Innisfree Bija Anti-Trouble Facial Foam,By Ecom Pure Calming First Water,,Benton Snail Bee High Content Steam Cream,,9Wishes Vitamin Serum,,,
Banila Co. Clean It Zero: Purifying,Cosrx AHA 7 Whitehead Power Liquid,,Helloskin Have a Good Cream: Snail & Centella,,,,,
SRB Enzyme Powder Wash,Cosrx AHA/BHA Clarifying Treatment Toner,,By Ecom Pure Calming Cica Cream,,,,,
Cosrx Low ph Good Morning Gel Cleanser,Benton Aloe BHA Skin Toner,,Innisfree Bija Anti-Trouble Lotion,,,,,
The Face Shop Rice Water Bright Cleansing Foam,Innisfree Bija Anti-Trouble Toner,,Mamonde Ceramide Intense Cream,,,,,
,Cosrx One-Step Pimple Clear Pad,,Dr. Jart Ceramidin Cream,,,,,
,Neogen Bio-Peel Green Tea,,Huxley Cream,,,,,
,Pyunkang Yul Essence Toner,,Nacific Fresh Herb Origin Cream,,,,,
,Cosrx Galactomyces Alcohol-Free Toner,,Pyunkang Yul Moisture Cream,,,,,
,Neogen Bio-Peel Wine,,Pyunkang Yul Nutrition Cream,,,,,
,Nacific Fresh Herb Origin Toner,,Innisfree Green Tea Balancing Cream,,,,,
,Innisfree Jeju Orchid Toner,,AHC Ageless Real Eye Cream for Face,,,,,
,Neogen Bio-Peel Lemon,,Pyunkang Yul Balancing Gel,,,,,
,,,Mizon All In One Snail Repair Cream,,,,,